<?xml version="1.0"?>
<!DOCTYPE project>

<project name="build-common-portlet">
	<import file="../build-common-plugin.xml" />

	<target name="build-css">
		<java
			classname="com.liferay.portal.tools.SassToCssBuilder"
			classpathref="portal.classpath"
			fork="true"
			newenvironment="true"
		>
			<jvmarg value="-Dliferay.lib.portal.dir=${app.server.lib.portal.dir}" />
			<arg value="sass.dir=/" />
			<arg value="sass.docroot.dir=${basedir}/docroot" />
			<arg value="sass.portal.common.dir=${app.server.portal.dir}/html/css/common" />
		</java>
	</target>

	<target name="war" depends="compile">
		<antcall target="build-css" />

		<antcall target="build-common-plugin.war" />
	</target>
</project>