<?xml version="1.0"?>
<!DOCTYPE project>

<project name="build-common-plugins" xmlns:antelope="antlib:ise.antelope.tasks">
	<import file="build-common.xml" />

	<if>
		<equals arg1="${basedir}" arg2="${user.dir}" />
		<then>
			<property name="plugin.type.dir" value=".." />
		</then>
		<else>
			<property name="plugin.type.dir" value="${basedir}" />
		</else>
	</if>

	<target name="build-service">
		<for param="service.file">
			<path>
				<fileset
					dir="."
					includes="*/docroot/WEB-INF/service.xml"
				/>
			</path>
			<sequential>
				<antelope:stringutil string="@{service.file}" property="service.file.index">
					<antelope:indexof string="docroot" fromindex="0" />
				</antelope:stringutil>

				<antelope:stringutil string="@{service.file}" property="portlet.dir">
					<antelope:substring beginindex="0" endindex="${service.file.index}" />
				</antelope:stringutil>

				<ant dir="${portlet.dir}" target="build-service" inheritAll="false" />
			</sequential>
		</for>
	</target>

	<target name="clean">
		<antcall target="loop-modules">
			<param name="loop.modules.cmd" value="clean-module" />
		</antcall>
	</target>

	<target name="clean-module">
		<ant dir="${module.name}" target="clean" inheritAll="false" />
	</target>

	<target name="compile">
		<antcall target="loop-modules">
			<param name="loop.modules.cmd" value="compile-module" />
		</antcall>
	</target>

	<target name="compile-module">
		<ant dir="${module.name}" target="compile" inheritAll="false" />
	</target>

	<target name="deploy">
		<antcall target="loop-modules">
			<param name="loop.modules.cmd" value="deploy-module" />
		</antcall>
	</target>

	<target name="deploy-module">
		<ant dir="${module.name}" target="deploy" inheritAll="false" />
	</target>

	<target name="jar">
		<antcall target="loop-modules">
			<param name="loop.modules.cmd" value="jar-module" />
		</antcall>
	</target>

	<target name="jar-module">
		<ant dir="${module.name}" target="jar" inheritAll="false" />
	</target>

	<target name="loop-modules">
		<if>
			<not>
				<equals arg1="${plugins.includes}" arg2="" />
			</not>
			<then>
				<for param="module.name">
					<path>
						<dirset dir="." excludes="${plugins.excludes}" includes="${plugins.includes}" />
					</path>
					<sequential>
						<antelope:stringutil string="@{module.name}" property="module.name.unix">
							<antelope:replace regex="\\" replacement="/" />
						</antelope:stringutil>

						<antelope:grep in="${module.name.unix}" regex="(.*/)(.*)" group="2" property="module.name" />

						<antcall target="${loop.modules.cmd}" />
					</sequential>
				</for>
			</then>
		</if>
	</target>

	<target name="setup-eclipse">
		<antcall target="loop-modules">
			<param name="loop.modules.cmd" value="setup-eclipse-module" />
		</antcall>
	</target>

	<target name="setup-eclipse-module">
		<ant dir="${module.name}" target="setup-eclipse" inheritAll="false" />
	</target>

	<target name="war">
		<antcall target="loop-modules">
			<param name="loop.modules.cmd" value="war-module" />
		</antcall>
	</target>

	<target name="war-module">
		<ant dir="${module.name}" target="war" inheritAll="false" />
	</target>
</project>