<ivysettings>
	<settings defaultResolver="default" />

	<resolvers>
		<ibiblio m2compatible="true" name="jboss-nexus" root="https://repository.jboss.org/nexus/content/repositories/releases" />
		<ibiblio m2compatible="true" name="jboss-thirdparty" root="https://repository.jboss.org/nexus/content/repositories/thirdparty-releases" />
		<ibiblio m2compatible="true" name="maven2" root="http://repo1.maven.org/maven2" />
		<ibiblio m2compatible="true" name="ow2-public" root="http://repository.ow2.org/nexus/content/repositories/public" />
		<ibiblio m2compatible="true" name="primefaces" root="http://repository.primefaces.org" />

		<chain dual="true" name="default">
			<resolver ref="jboss-nexus" />
			<resolver ref="jboss-thirdparty" />
			<resolver ref="maven2" />
			<resolver ref="ow2-public" />
			<resolver ref="primefaces" />
		</chain>
	</resolvers>
</ivysettings>